<?xml version="1.0" encoding="UTF-8"?>
<Window size="600,600">
  <Font shared="true" id="1" name="微软雅黑" size="56" />
  <Font shared="true" id="2" name="微软雅黑" size="24" />
  <Font shared="true" id="3" name="微软雅黑" size="12" />
  <VerticalLayout bkcolor="#FF363636">
    <VerticalLayout inset="5, 5, 5, 0" height="90">
      <HorizontalLayout>
        <Text text="LiveUp" width="260" name="Title" textcolor="#FFFFFFFF" font="1"/>
        <VerticalLayout inset="0, 10, 0, 0">
          <Text text="当前版本:" textcolor="#FFFFFFFF" font="2"/>
          <Text text="1.0.0.0" name="OldVersion" textcolor="#FFFFFFFF" font="2"/>
        </VerticalLayout>
        <VerticalLayout inset="0, 10, 0, 0">
          <Text text="新的版本:" textcolor="#FFFFFFFF" font="2"/>
          <Text text="1.0.0.0" name="NewVersion" textcolor="#FFFFFFFF" font="2"/>
        </VerticalLayout>
      </HorizontalLayout>
    </VerticalLayout>
    <VerticalLayout inset="5, 0, 5, 0" height="420" bkcolor="#FF4F4F4F">
      <Text text="Info" name="Info" showhtml="true" textcolor="#FFFFFFFF" font="2"/>
    </VerticalLayout>
    <VerticalLayout inset="5, 5, 5, 0">
      <Progress height="36" name="Progress" value="0" min="0" max="100" bkimage="file='progress_bg.png' corner='5, 5, 5, 5'" foreimage="file='progress_fore.png' corner='5, 5, 5, 5'"/>
    </VerticalLayout>
    <VerticalLayout inset="5, 2, 5, 0">
      <HorizontalLayout>
        <Control></Control>
        <Button text="关闭" font="3" width="140" height="36" name="Cancel" normalimage="file='button_normal.png'  corner='5, 5, 5, 5'" hotimage="file='button_hot.png'  corner='5, 5, 5, 5'" pushedimage="file='button_pushed.png'  corner='5, 5, 5, 5'"/>
        <Control></Control>
      </HorizontalLayout>
    </VerticalLayout>
  </VerticalLayout>
</Window>